<ImportExportXml version="9.1.0.2437" SolutionPackageVersion="9.1" languagecode="1031" generatedBy="CrmLive" xmlns:xsi="http://www.w3.org/2001/XMLSchema-instance">
  <SolutionManifest>
    <UniqueName>SWOTMatrixforOpportunity</UniqueName>
    <LocalizedNames>
      <LocalizedName description="SWOT Matrix for Opportunity" languagecode="1031" />
    </LocalizedNames>
    <Descriptions>
      <Description description="SWOT Matrix Control for Dynamics 365&#xA;&#xA;by Christoph Meyer&#xA;&#xA;https://github.com/ChrisMayor/D365SwotMatrix&#xA;&#xA;Dynamics Rocks&#xA;&#xA;License / Disclaimer:&#xA;&#xA;MIT License&#xA;&#xA;Copyright (c) 2019 Christoph Meyer&#xA;&#xA;Permission is hereby granted, free of charge, to any person obtaining a copy&#xA;of this software and associated documentation files (the &quot;Software&quot;), to deal&#xA;in the Software without restriction, including without limitation the rights&#xA;to use, copy, modify, merge, publish, distribute, sublicense, and/or sell&#xA;copies of the Software, and to permit persons to whom the Software is&#xA;furnished to do so, subject to the following conditions:&#xA;&#xA;The above copyright notice and this permission notice shall be included in all&#xA;copies or substantial portions of the Software.&#xA;&#xA;THE SOFTWARE IS PROVIDED &quot;AS IS&quot;, WITHOUT WARRANTY OF ANY KIND, EXPRESS OR&#xA;IMPLIED, INCLUDING BUT NOT LIMITED TO THE WARRANTIES OF MERCHANTABILITY,&#xA;FITNESS FOR A PARTICULAR PURPOSE AND NONINFRINGEMENT. IN NO EVENT SHALL THE&#xA;AUTHORS OR COPYRIGHT HOLDERS BE LIABLE FOR ANY CLAIM, DAMAGES OR OTHER&#xA;LIABILITY, WHETHER IN AN ACTION OF CONTRACT, TORT OR OTHERWISE, ARISING FROM,&#xA;OUT OF OR IN CONNECTION WITH THE SOFTWARE OR THE USE OR OTHER DEALINGS IN THE&#xA;SOFTWARE.&#xA;&#xA;&#xA;For 3rd-Party Licences please see the release section at the GitHub https://github.com/ChrisMayor/D365SwotMatrix" languagecode="1031" />
    </Descriptions>
    <Version>1.0.0.0</Version>
    <Managed>1</Managed>
    <Publisher>
      <UniqueName>MeyerIT</UniqueName>
      <LocalizedNames>
        <LocalizedName description="Christoph Meyer" languagecode="1031" />
      </LocalizedNames>
      <Descriptions />
      <EMailAddress>github@it-integrator.de</EMailAddress>
      <SupportingWebsiteUrl>https://github.com/ChrisMayor</SupportingWebsiteUrl>
      <CustomizationPrefix>mey</CustomizationPrefix>
      <CustomizationOptionValuePrefix>27857</CustomizationOptionValuePrefix>
      <Addresses>
        <Address>
          <AddressNumber>1</AddressNumber>
          <AddressTypeCode>1</AddressTypeCode>
          <City xsi:nil="true"></City>
          <County xsi:nil="true"></County>
          <Country xsi:nil="true"></Country>
          <Fax xsi:nil="true"></Fax>
          <FreightTermsCode xsi:nil="true"></FreightTermsCode>
          <ImportSequenceNumber xsi:nil="true"></ImportSequenceNumber>
          <Latitude xsi:nil="true"></Latitude>
          <Line1 xsi:nil="true"></Line1>
          <Line2 xsi:nil="true"></Line2>
          <Line3 xsi:nil="true"></Line3>
          <Longitude xsi:nil="true"></Longitude>
          <Name xsi:nil="true"></Name>
          <PostalCode xsi:nil="true"></PostalCode>
          <PostOfficeBox xsi:nil="true"></PostOfficeBox>
          <PrimaryContactName xsi:nil="true"></PrimaryContactName>
          <ShippingMethodCode>1</ShippingMethodCode>
          <StateOrProvince xsi:nil="true"></StateOrProvince>
          <Telephone1 xsi:nil="true"></Telephone1>
          <Telephone2 xsi:nil="true"></Telephone2>
          <Telephone3 xsi:nil="true"></Telephone3>
          <TimeZoneRuleVersionNumber xsi:nil="true"></TimeZoneRuleVersionNumber>
          <UPSZone xsi:nil="true"></UPSZone>
          <UTCOffset xsi:nil="true"></UTCOffset>
          <UTCConversionTimeZoneCode xsi:nil="true"></UTCConversionTimeZoneCode>
        </Address>
        <Address>
          <AddressNumber>2</AddressNumber>
          <AddressTypeCode>1</AddressTypeCode>
          <City xsi:nil="true"></City>
          <County xsi:nil="true"></County>
          <Country xsi:nil="true"></Country>
          <Fax xsi:nil="true"></Fax>
          <FreightTermsCode xsi:nil="true"></FreightTermsCode>
          <ImportSequenceNumber xsi:nil="true"></ImportSequenceNumber>
          <Latitude xsi:nil="true"></Latitude>
          <Line1 xsi:nil="true"></Line1>
          <Line2 xsi:nil="true"></Line2>
          <Line3 xsi:nil="true"></Line3>
          <Longitude xsi:nil="true"></Longitude>
          <Name xsi:nil="true"></Name>
          <PostalCode xsi:nil="true"></PostalCode>
          <PostOfficeBox xsi:nil="true"></PostOfficeBox>
          <PrimaryContactName xsi:nil="true"></PrimaryContactName>
          <ShippingMethodCode>1</ShippingMethodCode>
          <StateOrProvince xsi:nil="true"></StateOrProvince>
          <Telephone1 xsi:nil="true"></Telephone1>
          <Telephone2 xsi:nil="true"></Telephone2>
          <Telephone3 xsi:nil="true"></Telephone3>
          <TimeZoneRuleVersionNumber xsi:nil="true"></TimeZoneRuleVersionNumber>
          <UPSZone xsi:nil="true"></UPSZone>
          <UTCOffset xsi:nil="true"></UTCOffset>
          <UTCConversionTimeZoneCode xsi:nil="true"></UTCConversionTimeZoneCode>
        </Address>
      </Addresses>
    </Publisher>
    <RootComponents>
      <RootComponent type="1" schemaName="opportunity" behavior="1" />
      <RootComponent type="61" schemaName="mey_/swot_opportunity/favicon.ico" behavior="0" />
      <RootComponent type="61" schemaName="mey_/swot_opportunity/index.html" behavior="0" />
      <RootComponent type="61" schemaName="mey_/swot_opportunity/main.50ab5d79a26a6e3f985f.js" behavior="0" />
      <RootComponent type="61" schemaName="mey_/swot_opportunity/main.e4c47a7c571d29c76d98.js" behavior="0" />
      <RootComponent type="61" schemaName="mey_/swot_opportunity/polyfills.2f4ecee8e5e19afecae0.js" behavior="0" />
      <RootComponent type="61" schemaName="mey_/swot_opportunity/runtime.a5dd35324ddfd942bef1.js" behavior="0" />
      <RootComponent type="61" schemaName="mey_/swot_opportunity/styles.33c11fced07f39e07860.css" behavior="0" />
    </RootComponents>
    <MissingDependencies>
      <MissingDependency>
        <Required key="0" type="1" schemaName="opportunity" displayName="Verkaufschance" solution="msdynce_Sales (9.0.4.0076)" />
        <Dependent key="0" type="1" schemaName="opportunity" displayName="Verkaufschance" />
      </MissingDependency>
      <MissingDependency>
        <Required key="0" type="1" schemaName="opportunity" displayName="Verkaufschance" solution="msdynce_Sales (9.0.4.0076)" />
        <Dependent key="1" type="2" schemaName="mey_swot_strengths" displayName="Swot: Strenghts" parentSchemaName="opportunity" parentDisplayName="Verkaufschance" />
      </MissingDependency>
      <MissingDependency>
        <Required key="0" type="1" schemaName="opportunity" displayName="Verkaufschance" solution="msdynce_Sales (9.0.4.0076)" />
        <Dependent key="2" type="2" schemaName="mey_swot_weaknesses" displayName="Swot: Weaknesses" parentSchemaName="opportunity" parentDisplayName="Verkaufschance" />
      </MissingDependency>
      <MissingDependency>
        <Required key="0" type="1" schemaName="opportunity" displayName="Verkaufschance" solution="msdynce_Sales (9.0.4.0076)" />
        <Dependent key="3" type="2" schemaName="mey_swot_opportunities" displayName="Swot: Opportunities" parentSchemaName="opportunity" parentDisplayName="Verkaufschance" />
      </MissingDependency>
      <MissingDependency>
        <Required key="0" type="1" schemaName="opportunity" displayName="Verkaufschance" solution="msdynce_Sales (9.0.4.0076)" />
        <Dependent key="4" type="2" schemaName="mey_swot_threats" displayName="Swot: Threats" parentSchemaName="opportunity" parentDisplayName="Verkaufschance" />
      </MissingDependency>
    </MissingDependencies>
  </SolutionManifest>
</ImportExportXml>